Pv de jury provisoire,,,,,,,,,,,,,,,,,,,,,,,,,,,,,
LICENCE INFORMATIQUE - L3 INFORMATIQUE - Informatique,,,,,,,,,,,,,,,,,,,,,,,,,,,,,
Evaluations finales,,,,,,,,,,,,,,,,,,,,,,,,,,,,,
2025-2026,,,,,,,,,,,,,,,,,,,,,,,,,,,,,
,,,,,,,,,,,,,,,,,,,,,,,,,,,,,
,,,,,,,,,,,,,,,,,,,,,,,,,,,,,
,,,GMLIIN-3 - L3 INFORMATIQUE - Informatique,,,,,,,,GMLIIN-3-L1 - ANNEE L1,,,,,,GMLIIN-3-L2 - ANNEE L2,,,,,,GMLIIN-3-MOY - NOTE DIPLOME,,,,,,
,,,,Evaluations Finales,,,,,,,,Evaluations Finales,,,,,,Evaluations Finales,,,,,,Evaluations Finales,,,,,
Code apprenant,Nom,Prénom,Amngt/Acquis/CHC incomplet,Résultat Final,ECTS Finaux,Note Finale,Barème,Points Jury Retenus,Note Retenue,Barème,Amngt/Acquis/CHC incomplet,Note Finale,Barème,Points Jury Retenus,Note Retenue,Barème,Amngt/Acquis/CHC incomplet,Note Finale,Barème,Points Jury Retenus,Note Retenue,Barème,Amngt/Acquis/CHC incomplet,Mention,Note Finale,Barème,Points Jury Retenus,Note Retenue,Barème
261795,ALPHA,Je,,,,14.294,20,,14.294,20,,12.000,20,,12.000,20,,10.000,20,,10.000,20,,BIEN,14.294,20,,14.294,20
241137,BETA,Tu,,,,7.000,20,,7.000,20,,7.000,20,,7.000,20,,14.294,20,,14.294,20,,,9.431,20,,9.431,20
290664,GAMMA,Il,CHC incomplet,,,10.000,20,,10.000,20,,10.000,20,,10.000,20,,7.000,20,,7.000,20,,PASSABLE,10.000,20,,10.000,20
271790,DELTA,Elle,,,,9.000,20,,9.000,20,,14.294,20,,14.294,20,,7.000,20,,7.000,20,,PASSABLE,10.098,20,,10.098,20
