Pv de jury provisoire;;;;;;;;;;;;;;;;;;;;;;;;;;;;;;;;;;;;;;;;;;;;;;;;;;;;;;;;;;;;;;;;;;;;;;;;;;;;;;;;;;;;;;;;;;;;;;;;;;
Semestre 3 - L2 DROIT;;;;;;;;;;;;;;;;;;;;;;;;;;;;;;;;;;;;;;;;;;;;;;;;;;;;;;;;;;;;;;;;;;;;;;;;;;;;;;;;;;;;;;;;;;;;;;;;;;
Session unique / Session 1 / Evaluations finales;;;;;;;;;;;;;;;;;;;;;;;;;;;;;;;;;;;;;;;;;;;;;;;;;;;;;;;;;;;;;;;;;;;;;;;;;;;;;;;;;;;;;;;;;;;;;;;;;;
2024-2025;;;;;;;;;;;;;;;;;;;;;;;;;;;;;;;;;;;;;;;;;;;;;;;;;;;;;;;;;;;;;;;;;;;;;;;;;;;;;;;;;;;;;;;;;;;;;;;;;;
;;;;;;;;;;;;;;;;;;;;;;;;;;;;;;;;;;;;;;;;;;;;;;;;;;;;;;;;;;;;;;;;;;;;;;;;;;;;;;;;;;;;;;;;;;;;;;;;;;
;;;;;;;;;;;;;;;;;;;;;;;;;;;;;;;;;;;;;;;;;;;;;;;;;;;;;;;;;;;;;;;;;;;;;;;;;;;;;;;;;;;;;;;;;;;;;;;;;;
;;;D2DR3 - Semestre 3 - L2 DROIT;;;;;;;;D2DRUE1 - UE - Droit des obligations 1;;;;;;;;;;;;;;;;D2DRUE2 - UE - Droit administratif général 1;;;;;;;;;;;;;;;;D2DRUE3 - UE - Droit pénal général 1;;;;;;;;D2DRUE4 - UE - Finances publiques;;;;;;;;D2DRUE5 - UE - Science politique;;;;;;;;D2DRUE6 - UE - Histoire du droit privé;;;;;;;;D2DRUE7 - UE - Anglais juridique 1;;;;;;;;;;;;;;;;D2DRUE8 - UE - Préparation à la certification PIX;;;;;;;
;;;;Evaluations Finales;;Session 1;;;;;;Evaluations Finales;;Session 1;;;;;Contrôle terminal - CT;;;;Contrôle continu - CC;;;;;Evaluations Finales;;Session 1;;;;;Contrôle terminal - CT;;;;Contrôle continu - CC;;;;;Evaluations Finales;;Session 1;;;;;;Evaluations Finales;;Session 1;;;;;;Evaluations Finales;;Session 1;;;;;;Evaluations Finales;;Session 1;;;;;;Evaluations Finales;;Session 1;;;;;Contrôle continu - CC;;;;Contrôle continu - YOLO;;;;;Evaluations Finales;;Session 1;;;;
Code apprenant;Nom;Prénom;Amngt/Acquis/CHC incomplet;Note Retenue;Barème;Résultat;ECTS;Note;Barème;Points Jury;Amngt/Acquis/CHC incomplet;Note Retenue;Barème;Résultat;ECTS;Note;Barème;Points Jury;Résultat;Note;Barème;Coefficient;Résultat;Note;Barème;Coefficient;Amngt/Acquis/CHC incomplet;Note Retenue;Barème;Résultat;ECTS;Note;Barème;Points Jury;Résultat;Note;Barème;Coefficient;Résultat;Note;Barème;Coefficient;Amngt/Acquis/CHC incomplet;Note Retenue;Barème;Résultat;ECTS;Note;Barème;Points Jury;Amngt/Acquis/CHC incomplet;Note Retenue;Barème;Résultat;ECTS;Note;Barème;Points Jury;Amngt/Acquis/CHC incomplet;Note Retenue;Barème;Résultat;ECTS;Note;Barème;Points Jury;Amngt/Acquis/CHC incomplet;Note Retenue;Barème;Résultat;ECTS;Note;Barème;Points Jury;Amngt/Acquis/CHC incomplet;Note Retenue;Barème;Résultat;ECTS;Note;Barème;Points Jury;Résultat;Note;Barème;Coefficient;Résultat;Note;Barème;Coefficient;Amngt/Acquis/CHC incomplet;Note Retenue;Barème;Résultat;ECTS;Note;Barème;Points Jury
41424344;Alpha;Premier;;9.368;20;AJOURNE;;9.368;20;;;8.417;20;AJOURNE;;8.417;20;;;5.000;20;1.000;;11.833;20;1.000;;7.438;20;AJOURNE;;7.438;20;;;6.000;20;1.000;;8.875;20;1.000;;9.000;20;AJOURNE;;9.000;20;;;8.500;20;AJOURNE;;8.500;20;;;4.000;20;AJOURNE;;4.000;20;;;14.500;20;ADMIS;4.000;14.500;20;;;13.500;20;ADMIS;2.000;13.500;20;;;9.000;20;1.000;;18.000;20;1.000;;16.200;20;ADMIS;2.000;16.200;20;
