Pv de jury provisoire;;;;;;;;;;;;;;;;;;;;;;;;;;;;;;;;;;;;;;;;;;
;;;;;;;;;;;;;;;;;;;;;;;;;;;;;;;;;;;;;;;;;;
Session unique / Session 1 / Session 2 / Evaluations finales;;;;;;;;;;;;;;;;;;;;;;;;;;;;;;;;;;;;;;;;;;
2025-2026;;;;;;;;;;;;;;;;;;;;;;;;;;;;;;;;;;;;;;;;;;
;;;;;;;;;;;;;;;;;;;;;;;;;;;;;;;;;;;;;;;;;;
;;;;;;;;;;;;;;;;;;;;;;;;;;;;;;;;;;;;;;;;;;
;;;GMLIIN-3 - L3 INFORMATIQUE - Informatique;;;;;;;;;;;;;GMLIIN-3-S5 - Semestre 5;;;;;;;;;;;;GMLIIN-3-S5-U1A - Anglais;;;;;;;;;;;;;;
;;;;Evaluations Finales;;;;;;;Session 1;;;;;;Evaluations Finales;;;;;;Session 1;;;;;;Evaluations Finales;;;;;;;;Session 1;;;;;
Code apprenant;Nom;Prénom;Amngt/Acquis/CHC incomplet;Résultat Final;ECTS Finaux;Note Finale;Barème;Points Jury Retenus;Note Retenue;Barème;Résultat;ECTS;Note;Barème;Points Jury;Amngt/Acquis/CHC incomplet;Rang Final (/125);Note Finale;Barème;Points Jury Retenus;Note Retenue;Barème;Rang (/125);ECTS;Note;Barème;Points Jury;Amngt/Acquis/CHC incomplet;Résultat Final;Rang Final (/127);ECTS Finaux;Note Finale;Barème;Points Jury Retenus;Note Retenue;Barème;Résultat;Rang (/127);ECTS;Note;Barème;Points Jury
261795;XXXXXX;xxxxxx;;ADMIS;60.00;10.295;20;;10.295;20;AJOURNE;;9.920;20;;;;11.260;20;;11.260;20;;;11.260;20;;;ADMIS PAR COMPENSATION;;3.00;7.650;20;;7.650;20;AJOURNE;83;;7.650;20;
241137;YYYYYYYY;yyyyy;;ADMIS;60.00;10.000;20;0.056;9.944;20;AJOURNE;;9.486;20;;;;9.732;20;;9.732;20;;;9.732;20;;;ADMIS PAR COMPENSATION;;3.00;3.060;20;;3.060;20;AJOURNE;122;;3.060;20;
